SaleID,Date,ProductID,CustomerID,EmployeeID,Quantity,UnitPrice,Discount
1,2023-04-13,16,211,25,2,50,0.15
2,2024-03-11,8,28,7,1,75,0.1
3,2023-09-28,19,51,17,4,50,0.25
4,2023-04-17,18,261,3,4,75,0.0
5,2023-03-13,1,261,20,13,200,0.15
6,2024-12-01,14,8,20,1,150,0.0
7,2023-01-21,19,138,21,6,100,0.25
8,2024-09-06,15,38,3,4,50,0.25
9,2023-05-02,18,111,3,1,200,0.0
10,2024-04-11,2,220,17,1,150,0.0
11,2023-08-03,17,223,7,13,200,0.0
12,2023-11-27,18,136,14,1,50,0.25
13,2024-04-03,6,256,17,8,100,0.05
14,2023-03-29,19,49,18,10,200,0.0
15,2024-01-08,4,292,13,8,75,0.15
16,2023-04-10,1,78,20,2,150,0.25
17,2024-10-25,8,105,20,11,200,0.1
18,2023-05-11,7,169,21,13,150,0.1
19,2024-10-23,3,217,18,7,75,0.15
20,2023-11-05,10,119,4,14,100,0.05
21,2023-12-10,10,190,1,8,100,0.0
22,2024-05-06,19,255,18,8,75,0.25
23,2024-02-18,14,266,1,11,150,0.0
24,2024-01-21,2,149,13,10,200,0.25
25,2023-07-11,1,164,20,11,75,0.1
26,2023-10-04,18,140,20,13,50,0.0
27,2023-06-10,7,258,23,7,150,0.15
28,2024-04-04,8,269,10,5,100,0.05
29,2023-11-10,1,181,11,1,75,0.15
30,2023-01-22,3,160,9,12,100,0.05
31,2023-09-10,8,288,9,9,150,0.0
32,2024-07-14,15,288,5,13,100,0.0
33,2024-04-19,5,226,1,7,75,0.05
34,2023-02-28,3,11,17,2,150,0.1
35,2024-05-25,19,10,22,6,50,0.25
36,2024-11-12,1,271,2,2,75,0.15
37,2024-04-20,15,273,24,1,200,0.15
38,2024-11-30,8,183,13,14,75,0.15
39,2023-07-09,2,153,9,7,150,0.0
40,2024-11-17,3,124,4,13,75,0.15
41,2024-07-16,14,114,5,2,50,0.25
42,2024-07-20,14,278,11,13,50,0.25
43,2023-09-01,11,213,24,14,200,0.05
44,2024-05-19,16,172,19,14,100,0.0
45,2023-05-11,4,288,21,2,150,0.25
46,2024-04-29,20,174,3,13,150,0.1
47,2024-10-08,5,113,12,11,100,0.0
48,2023-01-21,14,122,19,5,50,0.0
49,2023-06-16,16,32,19,14,50,0.25
50,2023-10-01,18,222,13,5,75,0.1
51,2024-01-23,7,119,7,7,200,0.05
52,2024-08-23,10,39,15,1,200,0.25
53,2023-11-12,7,268,23,8,200,0.1
54,2023-01-14,1,233,7,3,75,0.0
55,2023-08-30,19,18,8,4,200,0.1
56,2023-12-12,16,149,5,9,100,0.0
57,2024-07-18,19,149,21,4,75,0.25
58,2023-12-06,4,126,14,10,100,0.25
59,2023-04-02,18,238,4,12,75,0.15
60,2024-01-02,2,135,23,5,200,0.15
61,2024-03-30,1,151,10,7,100,0.15
62,2024-03-03,15,236,20,4,100,0.25
63,2024-05-23,5,224,15,14,100,0.05
64,2023-02-04,20,203,18,1,75,0.25
65,2023-07-25,11,256,20,9,150,0.1
66,2023-03-22,10,86,13,4,200,0.25
67,2024-07-15,2,150,8,9,100,0.25
68,2024-01-23,3,235,9,6,150,0.0
69,2023-01-02,12,22,16,1,200,0.0
70,2024-01-25,20,285,19,12,200,0.0
71,2024-07-19,5,269,16,3,100,0.25
72,2023-04-16,5,258,7,11,100,0.05
73,2024-04-21,6,29,14,2,75,0.1
74,2024-12-03,9,213,14,9,150,0.1
75,2024-02-06,2,283,25,12,150,0.05
76,2024-12-30,12,50,4,1,100,0.05
77,2024-07-09,3,95,15,13,200,0.1
78,2023-06-11,20,88,3,14,100,0.15
79,2023-07-21,12,44,5,9,200,0.0
80,2023-09-27,17,278,1,9,200,0.0
81,2023-09-28,10,171,3,8,100,0.1
82,2024-03-31,14,189,15,8,50,0.05
83,2024-04-06,17,184,24,11,150,0.15
84,2024-12-27,18,3,8,14,200,0.1
85,2023-09-09,19,191,4,12,200,0.0
86,2024-12-02,17,118,2,1,50,0.25
87,2023-10-23,14,19,24,11,75,0.05
88,2024-12-25,9,23,24,8,50,0.25
89,2024-12-20,8,30,10,10,50,0.1
90,2023-12-04,2,295,4,14,200,0.0
91,2023-02-22,13,108,3,3,150,0.15
92,2023-08-05,7,281,2,11,50,0.25
93,2023-07-07,9,128,25,7,75,0.15
94,2024-01-15,11,229,17,11,100,0.0
95,2024-05-07,14,111,23,1,50,0.25
96,2023-02-10,4,136,21,1,50,0.15
97,2023-06-06,13,186,24,10,75,0.15
98,2023-01-15,2,144,20,13,150,0.25
99,2023-03-06,5,72,23,5,50,0.0
100,2024-06-04,11,129,13,5,50,0.15
101,2023-12-10,6,261,5,8,150,0.1
102,2023-05-09,18,3,21,7,75,0.25
103,2024-10-09,10,104,9,8,50,0.05
104,2024-04-16,4,224,25,6,150,0.05
105,2023-03-04,9,10,25,6,50,0.0
106,2023-05-19,6,231,22,2,100,0.1
107,2024-05-13,2,219,6,6,200,0.15
108,2024-08-15,17,66,5,5,100,0.05
109,2024-01-27,5,112,25,13,50,0.0
110,2024-11-05,6,13,10,3,75,0.1
111,2024-02-23,12,86,8,6,200,0.1
112,2023-10-16,10,234,7,8,100,0.0
113,2024-01-14,6,90,7,9,150,0.0
114,2024-05-04,8,54,6,1,75,0.15
115,2023-08-19,2,12,21,3,100,0.0
116,2023-02-10,12,209,20,3,150,0.15
117,2023-01-28,13,14,3,11,50,0.15
118,2023-05-15,7,121,19,8,150,0.25
119,2023-07-20,10,20,22,1,100,0.1
120,2023-02-02,13,75,15,5,100,0.1
121,2023-02-17,17,243,4,3,50,0.1
122,2024-05-17,14,223,12,2,150,0.25
123,2024-02-11,2,70,6,8,150,0.15
124,2024-07-27,11,211,19,3,50,0.15
125,2024-12-28,1,101,4,7,150,0.0
126,2023-04-09,19,186,15,12,50,0.25
127,2024-11-14,4,132,9,11,75,0.0
128,2024-12-26,19,111,5,1,100,0.25
129,2024-06-30,11,132,13,6,75,0.0
130,2024-09-04,8,20,23,3,200,0.05
131,2024-04-06,11,24,18,8,200,0.1
132,2024-10-04,4,227,5,6,200,0.1
133,2023-01-05,17,154,25,12,50,0.15
134,2023-08-06,7,293,16,2,150,0.05
135,2024-05-17,8,230,19,6,75,0.1
136,2024-02-02,3,202,14,7,75,0.15
137,2024-01-28,2,38,25,5,75,0.05
138,2023-07-26,15,260,16,3,75,0.1
139,2023-01-15,5,188,15,4,200,0.0
140,2024-07-07,1,57,22,4,75,0.25
141,2024-04-05,4,20,4,6,150,0.05
142,2024-11-21,15,273,7,10,200,0.15
143,2024-07-28,20,119,16,1,75,0.05
144,2023-08-29,19,71,24,11,50,0.15
145,2024-07-17,3,4,22,4,100,0.05
146,2023-04-06,20,221,21,10,100,0.15
147,2024-04-29,11,14,22,13,100,0.1
148,2024-02-11,17,3,21,4,200,0.0
149,2023-08-19,13,216,8,10,75,0.1
150,2024-10-16,11,229,17,1,200,0.0
151,2023-06-20,2,186,16,9,150,0.1
152,2024-06-24,9,55,23,4,50,0.1
153,2023-02-05,2,254,10,7,50,0.05
154,2024-06-08,9,24,10,12,100,0.25
155,2023-06-09,9,162,2,14,100,0.15
156,2024-11-29,8,158,9,3,100,0.15
157,2023-08-31,17,82,17,10,75,0.15
158,2023-03-27,1,159,11,12,150,0.0
159,2024-07-31,11,188,10,3,150,0.15
160,2024-11-12,8,60,22,14,150,0.15
161,2024-07-10,10,211,25,8,150,0.05
162,2024-07-27,7,152,17,8,100,0.1
163,2024-10-07,3,109,4,11,50,0.15
164,2023-01-28,3,76,16,12,100,0.25
165,2024-09-11,18,30,20,1,150,0.15
166,2024-07-09,5,117,15,10,100,0.0
167,2023-12-06,12,192,25,2,150,0.0
168,2023-11-27,12,19,21,8,200,0.0
169,2024-10-01,19,173,5,1,50,0.15
170,2024-05-20,6,228,6,12,200,0.05
171,2023-12-14,2,183,17,8,75,0.25
172,2024-04-17,12,113,1,8,100,0.15
173,2023-08-19,19,183,25,2,75,0.05
174,2023-07-09,5,146,19,4,100,0.05
175,2023-08-13,12,116,4,6,200,0.15
176,2024-01-20,17,113,17,12,150,0.15
177,2024-01-12,17,251,9,11,150,0.05
178,2023-10-10,10,251,24,9,100,0.05
179,2024-09-24,17,118,2,8,150,0.05
180,2024-09-19,15,161,8,12,200,0.15
181,2023-09-16,12,198,15,8,150,0.05
182,2023-12-25,16,260,7,7,200,0.0
183,2024-12-10,19,148,6,14,75,0.15
184,2024-03-31,8,240,1,13,200,0.0
185,2024-02-15,17,47,15,9,50,0.1
186,2024-10-10,5,198,23,2,50,0.15
187,2023-11-14,16,47,7,3,50,0.1
188,2024-11-07,6,78,25,10,100,0.05
189,2023-08-13,8,124,17,8,100,0.05
190,2023-08-22,18,75,2,14,100,0.25
191,2024-11-14,12,137,9,6,200,0.05
192,2024-10-25,15,90,9,10,100,0.1
193,2024-01-09,9,61,13,9,75,0.05
194,2024-11-02,13,138,6,10,50,0.15
195,2024-08-30,15,50,6,4,200,0.05
196,2024-04-16,10,259,20,8,50,0.25
197,2023-08-21,16,107,20,10,100,0.05
198,2024-11-22,7,113,21,3,200,0.1
199,2023-04-23,17,254,3,3,150,0.1
200,2024-05-11,7,118,17,8,75,0.05
201,2024-03-17,14,198,17,5,100,0.1
202,2024-07-17,15,51,12,3,100,0.1
203,2023-09-25,7,245,16,10,75,0.25
204,2024-05-24,9,35,15,11,75,0.15
205,2024-01-21,19,69,13,1,150,0.25
206,2024-01-22,16,49,23,3,100,0.0
207,2023-04-23,8,74,1,12,100,0.25
208,2024-09-04,18,192,17,9,50,0.05
209,2024-09-16,18,261,3,5,200,0.15
210,2023-03-22,20,70,15,12,200,0.05
211,2024-11-29,7,90,4,10,50,0.0
212,2023-04-23,3,260,4,2,200,0.15
213,2023-01-02,18,126,18,7,75,0.1
214,2024-10-03,10,231,17,2,200,0.25
215,2023-08-08,7,295,19,4,200,0.05
216,2024-07-19,17,129,11,12,50,0.0
217,2023-08-13,14,280,20,7,150,0.1
218,2024-01-20,3,100,3,4,200,0.25
219,2024-02-07,12,297,8,7,200,0.1
220,2024-09-29,13,182,14,7,150,0.25
221,2023-05-10,2,174,1,1,50,0.15
222,2023-02-22,3,188,14,6,150,0.1
223,2024-11-14,5,57,2,9,50,0.1
224,2024-12-30,11,31,23,2,75,0.1
225,2024-11-02,8,84,4,14,50,0.15
226,2024-12-10,12,152,24,3,75,0.0
227,2024-02-20,7,36,19,10,75,0.25
228,2023-09-04,15,213,6,5,50,0.1
229,2024-03-14,17,106,25,9,100,0.15
230,2023-07-22,4,220,1,4,50,0.0
231,2023-07-03,13,163,17,1,200,0.25
232,2023-05-03,18,220,8,4,200,0.15
233,2024-02-05,1,270,19,6,100,0.25
234,2023-10-21,16,120,21,5,75,0.1
235,2023-10-07,13,182,1,14,100,0.0
236,2024-09-01,10,106,5,13,200,0.15
237,2023-07-17,12,217,16,1,100,0.0
238,2024-05-25,2,205,6,4,50,0.1
239,2023-05-24,3,70,8,6,100,0.0
240,2024-08-31,10,44,13,13,75,0.0
241,2023-07-20,2,228,16,10,50,0.05
242,2023-05-04,13,184,3,10,150,0.0
243,2023-07-06,13,107,19,14,200,0.25
244,2023-11-22,18,84,12,4,200,0.15
245,2024-04-08,3,250,16,14,100,0.05
246,2023-12-15,7,21,11,9,50,0.15
247,2024-10-21,14,196,10,5,150,0.15
248,2024-02-07,20,178,25,8,50,0.1
249,2023-12-12,17,7,20,9,200,0.1
250,2024-05-25,12,70,4,10,50,0.05
251,2023-05-27,16,127,12,5,150,0.1
252,2023-05-28,12,160,23,6,100,0.1
253,2024-12-11,15,248,2,1,75,0.1
254,2024-05-03,10,203,24,11,50,0.15
255,2024-10-01,7,148,22,12,75,0.05
256,2024-07-04,20,143,19,7,200,0.15
257,2023-12-04,5,199,25,4,100,0.25
258,2024-10-02,1,154,5,11,100,0.15
259,2024-04-17,17,142,8,2,50,0.25
260,2023-05-31,3,165,7,5,100,0.0
261,2024-02-19,13,21,14,12,50,0.0
262,2023-10-25,14,82,24,3,50,0.25
263,2024-09-02,18,69,23,6,75,0.25
264,2023-09-20,4,131,3,8,100,0.15
265,2023-05-24,18,87,18,7,50,0.25
266,2023-12-12,5,218,16,3,75,0.05
267,2024-09-15,16,161,23,8,150,0.0
268,2024-07-25,1,178,19,2,75,0.0
269,2023-01-02,14,117,19,10,75,0.25
270,2023-10-31,15,196,18,9,50,0.1
271,2023-09-11,9,86,20,4,200,0.1
272,2024-10-13,15,289,16,1,200,0.25
273,2024-03-28,17,81,8,8,200,0.05
274,2023-02-06,4,152,1,7,75,0.1
275,2023-06-09,12,61,17,11,50,0.25
276,2023-01-09,5,61,12,13,100,0.05
277,2023-08-21,5,28,21,5,75,0.05
278,2023-04-09,11,43,11,10,75,0.15
279,2024-10-20,6,169,5,13,50,0.05
280,2023-07-27,7,86,12,5,150,0.1
281,2023-05-11,14,177,17,7,75,0.1
282,2024-02-08,11,17,6,5,150,0.25
283,2023-06-01,13,98,1,8,150,0.25
284,2023-02-23,2,198,5,11,200,0.05
285,2023-04-30,7,98,25,13,50,0.0
286,2024-11-03,20,65,14,6,150,0.15
287,2024-09-19,4,5,5,13,50,0.0
288,2024-08-09,8,2,22,5,200,0.05
289,2024-09-16,20,22,24,9,50,0.05
290,2024-02-24,19,112,1,11,75,0.0
291,2024-02-26,13,57,18,2,150,0.15
292,2023-04-14,14,66,16,1,50,0.0
293,2023-09-11,10,98,9,8,100,0.25
294,2023-08-15,11,144,19,12,50,0.1
295,2023-04-22,2,125,22,3,150,0.25
296,2024-05-24,9,167,5,14,200,0.1
297,2024-04-17,17,86,2,11,200,0.05
298,2023-04-09,3,76,15,12,150,0.15
299,2023-06-02,6,294,7,12,75,0.0
300,2023-12-04,5,59,4,12,75,0.15
301,2024-12-06,5,138,1,7,200,0.0
302,2023-06-12,15,99,13,10,200,0.25
303,2024-12-20,17,192,20,13,150,0.25
304,2024-11-11,9,243,22,11,75,0.0
305,2023-06-10,3,49,7,8,200,0.15
306,2024-08-02,20,32,15,13,75,0.0
307,2024-02-02,17,277,23,13,200,0.05
308,2023-10-04,10,20,14,6,50,0.25
309,2024-05-18,3,154,23,12,100,0.05
310,2024-01-27,18,68,19,10,50,0.25
311,2023-05-15,18,214,22,14,200,0.25
312,2023-07-14,17,143,24,9,100,0.1
313,2024-02-05,3,232,20,7,100,0.05
314,2024-10-01,3,213,24,10,200,0.05
315,2023-02-02,6,79,18,5,200,0.1
316,2024-11-18,13,214,10,8,75,0.15
317,2024-04-04,15,116,9,2,200,0.05
318,2024-04-14,9,92,25,7,150,0.0
319,2024-01-10,4,270,8,4,200,0.1
320,2023-01-22,14,168,10,9,150,0.05
321,2024-10-31,5,58,17,12,200,0.15
322,2023-02-07,2,284,2,1,75,0.05
323,2023-08-18,11,26,6,7,150,0.25
324,2023-12-31,9,66,5,6,50,0.0
325,2024-07-16,3,248,9,8,150,0.1
326,2024-03-13,9,254,5,5,75,0.25
327,2023-10-10,3,44,18,1,150,0.15
328,2023-01-27,2,97,20,1,200,0.25
329,2023-08-14,12,42,9,9,200,0.25
330,2023-10-04,10,227,17,10,75,0.15
331,2024-08-31,9,262,17,6,100,0.25
332,2023-10-11,15,167,12,10,200,0.1
333,2024-04-25,8,279,7,5,50,0.05
334,2024-03-28,5,89,3,1,75,0.25
335,2024-10-20,11,178,10,6,150,0.1
336,2024-05-30,2,197,2,6,150,0.05
337,2024-06-30,15,267,25,3,50,0.05
338,2023-07-11,6,268,3,13,200,0.25
339,2023-02-18,8,74,16,8,75,0.1
340,2024-05-26,5,8,2,14,50,0.25
341,2023-01-17,16,297,24,1,200,0.15
342,2023-06-21,18,164,10,1,75,0.05
343,2023-08-08,6,85,6,6,150,0.25
344,2023-06-07,5,72,22,10,75,0.05
345,2024-04-21,16,55,11,13,100,0.1
346,2023-02-15,13,47,23,1,75,0.0
347,2024-01-08,5,238,7,6,100,0.25
348,2024-06-01,13,104,15,1,75,0.25
349,2023-04-09,17,210,6,14,100,0.05
350,2023-02-06,18,42,20,13,150,0.1
351,2023-10-07,8,268,9,6,200,0.15
352,2023-12-15,13,263,22,3,100,0.1
353,2024-05-11,19,259,20,14,100,0.25
354,2023-10-29,3,283,12,14,150,0.15
355,2023-06-30,8,114,19,8,100,0.1
356,2024-08-29,2,40,20,13,50,0.0
357,2023-04-09,8,220,3,6,150,0.05
358,2024-11-30,13,129,15,13,50,0.1
359,2023-04-26,13,8,2,11,150,0.1
360,2023-07-10,1,101,21,13,100,0.0
361,2023-09-10,6,176,2,1,50,0.25
362,2023-06-10,19,107,22,5,100,0.05
363,2023-09-13,16,101,3,8,150,0.1
364,2023-11-19,8,260,6,3,100,0.15
365,2023-05-08,1,246,15,12,50,0.1
366,2023-01-18,16,275,10,6,50,0.05
367,2024-07-19,9,32,9,5,100,0.1
368,2024-07-23,13,137,1,6,75,0.0
369,2023-11-19,11,12,16,10,150,0.1
370,2024-11-16,13,16,6,1,150,0.1
371,2024-09-17,10,129,9,7,100,0.15
372,2023-10-15,4,63,4,9,75,0.0
373,2024-10-24,6,109,2,2,50,0.0
374,2024-09-30,7,21,4,10,200,0.1
375,2023-06-04,5,158,1,5,200,0.15
376,2024-05-04,11,269,19,10,100,0.1
377,2024-01-21,13,162,25,4,75,0.1
378,2023-04-14,19,260,10,6,75,0.05
379,2024-01-28,10,102,21,6,150,0.05
380,2023-09-03,10,223,15,11,50,0.15
381,2023-06-25,11,59,22,2,75,0.25
382,2023-02-08,7,247,19,2,200,0.05
383,2024-04-21,18,128,16,4,50,0.25
384,2024-11-12,4,283,21,1,50,0.0
385,2024-06-21,2,25,24,9,100,0.05
386,2024-02-12,14,131,22,14,75,0.05
387,2024-06-08,13,196,4,14,100,0.15
388,2024-05-20,12,281,2,13,75,0.25
389,2023-02-05,7,154,25,7,150,0.05
390,2024-11-15,2,133,13,12,100,0.05
391,2023-01-20,13,227,1,7,100,0.15
392,2023-11-17,14,189,17,3,200,0.15
393,2024-05-26,17,265,13,11,100,0.25
394,2024-02-04,9,134,4,12,75,0.0
395,2024-10-15,17,211,7,3,200,0.0
396,2024-04-15,8,60,17,1,100,0.1
397,2023-05-23,2,213,9,3,100,0.05
398,2023-04-02,13,216,4,3,150,0.25
399,2023-12-20,3,226,19,4,100,0.05
400,2024-12-27,16,131,1,4,50,0.25
401,2023-02-20,6,76,10,3,200,0.25
402,2024-10-26,19,286,4,10,50,0.25
403,2024-11-28,7,277,9,12,200,0.05
404,2024-07-28,10,156,13,8,150,0.15
405,2023-07-09,9,248,14,8,100,0.05
406,2023-05-05,2,218,10,13,100,0.25
407,2023-05-30,15,190,6,13,100,0.1
408,2023-11-10,5,163,16,1,200,0.0
409,2024-07-23,4,180,6,7,100,0.25
410,2023-12-08,20,34,17,11,50,0.1
411,2023-11-01,4,41,10,2,100,0.15
412,2024-11-22,18,75,18,1,150,0.25
413,2024-11-12,4,279,22,3,50,0.1
414,2023-02-23,17,176,18,4,100,0.25
415,2024-03-19,12,150,3,13,100,0.05
416,2024-09-04,17,273,20,6,75,0.1
417,2023-09-21,10,108,21,10,200,0.05
418,2023-02-22,1,139,25,14,50,0.05
419,2024-07-25,18,271,15,5,75,0.1
420,2024-09-11,18,289,15,14,150,0.0
421,2023-01-05,14,212,4,4,200,0.1
422,2023-04-13,15,272,9,8,50,0.0
423,2023-07-15,12,66,19,11,100,0.25
424,2023-12-16,4,248,24,12,50,0.25
425,2023-02-16,3,156,17,14,100,0.1
426,2024-10-17,20,47,11,4,200,0.25
427,2023-09-26,12,201,25,13,100,0.15
428,2024-01-05,7,148,9,10,150,0.05
429,2024-09-27,11,124,10,12,100,0.05
430,2023-04-16,1,1,18,13,150,0.0
431,2024-10-31,6,247,20,2,200,0.25
432,2024-10-20,15,128,13,3,200,0.0
433,2024-10-18,15,191,8,6,50,0.05
434,2023-04-30,19,67,7,8,150,0.05
435,2024-08-26,11,4,17,8,150,0.25
436,2023-02-27,2,294,21,11,75,0.15
437,2023-12-12,14,143,23,9,75,0.15
438,2024-04-18,2,191,15,7,75,0.25
439,2023-04-27,4,21,20,13,100,0.25
440,2023-05-07,17,227,15,2,75,0.0
441,2024-01-28,3,117,1,8,150,0.25
442,2024-10-02,13,142,25,7,100,0.15
443,2023-02-27,9,39,14,8,200,0.25
444,2024-09-25,7,252,5,12,50,0.0
445,2024-05-27,15,207,11,3,75,0.0
446,2023-04-06,11,210,16,7,200,0.0
447,2024-09-29,20,115,2,10,150,0.0
448,2023-04-28,2,225,8,13,50,0.1
449,2024-07-13,15,134,11,9,200,0.25
450,2024-08-23,14,251,18,3,50,0.05
451,2024-05-02,20,219,3,14,75,0.25
452,2023-08-25,11,91,1,10,150,0.1
453,2023-09-29,3,46,11,6,50,0.0
454,2023-07-08,17,38,16,2,200,0.1
455,2024-12-04,12,142,18,2,75,0.15
456,2024-03-22,15,100,16,5,75,0.15
457,2024-08-03,16,190,23,5,200,0.25
458,2023-09-04,5,35,10,13,200,0.25
459,2023-03-17,20,147,18,7,50,0.05
460,2023-06-03,6,30,6,12,100,0.05
461,2024-10-17,19,84,19,2,75,0.15
462,2024-03-10,5,281,4,11,50,0.0
463,2023-03-27,3,270,13,14,200,0.1
464,2024-11-27,1,154,24,13,50,0.05
465,2023-10-12,6,102,14,7,200,0.05
466,2023-08-08,15,215,3,5,150,0.0
467,2023-03-10,2,150,10,14,200,0.0
468,2023-02-16,3,83,6,6,200,0.25
469,2023-04-04,17,110,1,8,200,0.1
470,2024-03-28,12,275,23,10,100,0.0
471,2023-07-23,18,201,24,13,200,0.05
472,2023-08-06,15,284,14,14,75,0.05
473,2024-04-18,12,173,8,12,75,0.15
474,2024-03-07,16,206,19,4,50,0.0
475,2023-12-07,8,63,14,13,100,0.25
476,2024-07-04,14,73,10,7,50,0.1
477,2024-09-03,17,251,17,6,75,0.25
478,2023-10-16,8,124,9,10,75,0.05
479,2023-09-11,15,121,6,2,150,0.25
480,2023-12-23,14,275,11,8,200,0.05
481,2023-01-23,18,120,25,10,75,0.05
482,2024-06-05,20,164,7,9,50,0.05
483,2023-04-10,7,286,17,5,50,0.05
484,2023-06-29,3,265,1,10,200,0.05
485,2023-08-11,12,161,22,4,200,0.15
486,2024-10-20,3,89,5,6,150,0.25
487,2024-03-17,20,142,9,8,100,0.15
488,2024-08-30,14,203,18,11,50,0.15
489,2023-11-21,15,227,24,3,200,0.0
490,2024-05-30,14,222,21,10,50,0.0
491,2023-01-16,7,41,2,11,200,0.0
492,2023-12-02,17,196,11,11,75,0.1
493,2023-09-15,12,68,6,1,50,0.0
494,2024-05-11,20,264,8,4,75,0.25
495,2023-06-09,4,2,4,4,50,0.15
496,2024-04-19,9,125,18,1,100,0.25
497,2024-10-25,6,110,11,9,150,0.0
498,2024-11-20,16,86,5,3,75,0.1
499,2024-11-05,2,120,15,5,200,0.1
500,2024-01-15,8,127,18,6,100,0.15
501,2024-06-28,11,255,2,8,50,0.25
502,2024-11-21,13,183,22,6,75,0.05
503,2024-03-02,17,16,11,3,50,0.25
504,2024-09-04,8,62,25,6,50,0.0
505,2023-09-25,18,158,13,1,50,0.05
506,2024-07-30,18,268,4,4,150,0.1
507,2024-02-21,14,35,22,6,150,0.15
508,2023-06-17,15,267,7,7,200,0.15
509,2023-02-12,6,64,11,11,75,0.1
510,2024-07-09,11,50,22,13,100,0.0
511,2023-10-12,13,255,24,11,100,0.1
512,2024-02-01,1,149,4,10,100,0.0
513,2023-01-12,6,276,15,3,50,0.05
514,2024-08-29,9,172,1,9,150,0.1
515,2023-10-29,8,201,23,12,75,0.0
516,2023-09-10,11,35,3,12,50,0.05
517,2024-05-13,19,216,14,7,150,0.1
518,2023-02-04,9,65,6,14,150,0.15
519,2024-12-27,17,8,18,1,75,0.1
520,2023-03-31,12,76,25,2,75,0.25
521,2024-08-27,14,174,1,1,75,0.1
522,2024-08-24,15,47,6,11,50,0.25
523,2024-02-22,16,15,6,9,200,0.05
524,2023-04-25,20,147,21,9,75,0.1
525,2024-09-08,1,26,16,7,200,0.05
526,2023-07-15,10,93,5,10,50,0.05
527,2024-05-15,8,232,17,3,200,0.0
528,2024-09-17,18,21,10,13,100,0.05
529,2024-05-07,1,38,21,5,200,0.05
530,2023-03-16,2,276,18,4,75,0.1
531,2024-02-17,1,157,7,7,50,0.1
532,2024-01-11,1,179,3,14,75,0.15
533,2024-02-24,9,132,13,9,100,0.0
534,2024-12-29,13,28,15,12,75,0.05
535,2023-10-04,1,260,20,2,75,0.0
536,2024-11-06,13,76,19,13,75,0.25
537,2024-01-29,20,67,3,8,150,0.05
538,2024-04-01,7,194,4,9,100,0.0
539,2023-07-11,2,162,5,10,75,0.15
540,2024-11-19,6,257,1,14,75,0.15
541,2023-04-09,7,72,4,10,75,0.05
542,2024-07-01,14,87,12,9,50,0.25
543,2023-04-06,18,262,24,14,150,0.15
544,2024-10-25,15,214,10,10,50,0.15
545,2024-10-24,2,153,23,14,150,0.25
546,2023-07-09,10,210,25,7,75,0.0
547,2023-02-06,12,61,21,9,100,0.15
548,2024-01-04,17,268,20,9,200,0.1
549,2024-11-25,8,262,24,14,200,0.15
550,2024-06-08,11,218,25,3,75,0.0
551,2023-10-06,3,283,13,4,50,0.0
552,2023-08-05,6,136,23,2,100,0.05
553,2023-09-30,9,93,14,10,150,0.1
554,2023-03-03,6,109,23,3,75,0.0
555,2024-08-18,9,241,5,11,100,0.25
556,2024-12-29,7,142,4,11,100,0.1
557,2023-12-08,9,291,14,5,150,0.1
558,2024-02-01,18,237,10,5,100,0.25
559,2024-11-29,12,177,17,6,50,0.15
560,2023-01-19,8,141,10,13,50,0.25
561,2023-06-26,8,189,7,7,50,0.25
562,2024-09-03,18,49,16,7,100,0.15
563,2024-01-31,20,190,1,1,50,0.15
564,2024-03-20,15,136,17,14,150,0.15
565,2023-08-21,7,43,21,2,100,0.15
566,2023-03-17,11,90,9,12,200,0.15
567,2023-09-22,20,295,6,9,100,0.25
568,2024-03-30,16,245,19,10,150,0.05
569,2024-12-18,4,192,13,2,200,0.05
570,2024-01-19,6,106,3,6,100,0.0
571,2024-07-17,3,233,7,11,50,0.05
572,2024-05-20,9,265,22,11,75,0.05
573,2024-01-02,10,37,9,1,75,0.25
574,2023-05-24,14,41,22,3,50,0.15
575,2023-03-10,11,17,5,2,75,0.15
576,2023-04-09,18,277,10,3,75,0.25
577,2024-01-31,12,59,23,5,50,0.05
578,2023-01-25,12,183,17,11,50,0.25
579,2024-04-13,13,41,12,10,100,0.0
580,2024-04-28,13,39,23,6,100,0.15
581,2024-07-18,19,192,16,9,50,0.1
582,2023-05-31,19,267,3,12,150,0.0
583,2023-05-24,14,147,25,11,75,0.0
584,2024-07-22,4,127,22,10,100,0.25
585,2023-02-08,13,46,9,12,75,0.05
586,2023-04-19,8,45,15,12,200,0.15
587,2024-11-23,19,1,5,13,50,0.1
588,2023-02-11,12,168,23,4,150,0.0
589,2023-07-05,18,108,13,7,200,0.1
590,2024-02-02,6,19,14,6,200,0.05
591,2023-08-11,18,72,20,2,200,0.05
592,2024-09-25,19,109,15,10,50,0.1
593,2023-05-13,5,268,16,11,100,0.15
594,2023-06-12,9,240,23,11,50,0.05
595,2023-08-03,3,90,13,11,100,0.1
596,2023-08-23,10,103,17,8,200,0.0
597,2024-10-19,19,250,23,7,200,0.1
598,2024-08-10,3,8,8,7,150,0.1
599,2023-01-09,15,153,21,14,100,0.25
600,2023-03-15,1,174,2,8,200,0.05
601,2024-05-06,7,158,5,12,75,0.15
602,2023-09-10,12,215,6,12,150,0.15
603,2023-08-18,17,177,12,13,50,0.25
604,2024-06-02,20,175,18,14,150,0.15
605,2023-06-23,5,146,22,11,75,0.1
606,2024-10-14,4,161,22,1,100,0.25
607,2023-06-17,12,127,1,13,50,0.0
608,2023-06-19,20,82,17,1,50,0.05
609,2024-01-28,18,147,11,8,100,0.05
610,2024-09-25,17,239,10,4,150,0.05
611,2023-07-13,19,84,19,5,200,0.1
612,2024-05-31,9,113,14,8,150,0.0
613,2023-01-29,4,225,10,5,75,0.25
614,2023-06-14,2,243,15,10,200,0.25
615,2024-02-26,4,143,19,4,150,0.05
616,2023-12-05,2,41,4,12,100,0.0
617,2024-10-09,15,258,2,6,75,0.0
618,2024-05-10,2,285,9,13,75,0.0
619,2023-12-31,4,105,10,12,75,0.15
620,2023-12-08,6,202,11,5,200,0.15
621,2024-05-14,7,266,14,14,50,0.05
622,2024-10-18,10,210,7,7,200,0.0
623,2024-05-25,19,51,23,14,150,0.0
624,2023-11-23,19,118,15,10,50,0.25
625,2023-08-05,12,201,22,7,150,0.25
626,2023-10-28,3,39,19,13,50,0.05
627,2023-05-12,13,28,22,4,200,0.0
628,2023-03-11,18,259,15,12,75,0.05
629,2023-09-09,8,84,24,13,100,0.25
630,2024-02-19,15,155,8,5,75,0.25
631,2024-03-20,1,117,11,13,200,0.15
632,2023-07-01,3,2,9,3,50,0.05
633,2023-06-16,8,93,15,4,75,0.05
634,2023-04-01,4,166,1,14,200,0.0
635,2024-12-14,16,296,1,4,150,0.0
636,2024-06-14,10,258,19,3,100,0.15
637,2023-02-08,12,81,3,13,75,0.1
638,2023-05-06,14,268,10,10,50,0.1
639,2024-03-26,14,235,8,5,150,0.1
640,2023-06-22,2,213,15,5,200,0.05
641,2024-10-14,5,62,10,11,100,0.05
642,2023-08-08,5,49,1,7,50,0.25
643,2024-09-29,6,127,18,4,200,0.05
644,2023-02-27,13,223,2,13,200,0.05
645,2024-10-21,9,279,19,4,75,0.05
646,2024-04-20,15,294,13,9,75,0.15
647,2024-03-31,14,284,22,6,50,0.05
648,2023-12-27,7,277,1,4,200,0.0
649,2023-01-01,20,107,2,2,75,0.0
650,2024-01-22,2,146,16,6,100,0.25
651,2023-12-14,7,99,15,2,100,0.15
652,2023-07-09,6,73,13,5,200,0.0
653,2024-05-19,17,122,16,6,75,0.15
654,2023-07-10,2,30,17,4,50,0.15
655,2024-05-22,3,188,21,14,50,0.25
656,2024-01-04,5,288,7,13,50,0.15
657,2024-02-13,5,195,24,3,100,0.05
658,2023-04-27,1,156,17,7,75,0.15
659,2023-05-14,8,172,7,2,75,0.25
660,2023-02-27,12,41,13,13,100,0.25
661,2024-07-09,4,63,5,11,50,0.25
662,2024-11-15,13,23,17,14,50,0.0
663,2024-11-02,15,75,3,6,200,0.05
664,2023-06-22,11,48,7,13,150,0.0
665,2023-05-29,10,160,17,4,75,0.1
666,2023-03-21,3,118,7,6,75,0.05
667,2023-08-01,14,100,21,4,75,0.15
668,2023-07-22,16,167,1,4,150,0.25
669,2023-08-17,10,290,17,4,200,0.1
670,2024-11-06,10,156,17,9,150,0.05
671,2023-08-15,12,7,11,7,50,0.0
672,2024-10-20,9,196,25,3,50,0.25
673,2024-06-15,1,56,3,3,75,0.0
674,2024-03-16,5,193,15,6,100,0.05
675,2024-02-06,20,47,21,6,75,0.05
676,2023-02-16,8,148,11,4,100,0.1
677,2023-08-21,11,275,16,9,150,0.15
678,2023-11-01,12,157,25,4,50,0.0
679,2024-06-09,1,202,22,9,100,0.1
680,2023-05-23,20,126,9,4,150,0.25
681,2024-02-19,11,294,24,2,50,0.15
682,2024-05-27,5,64,24,2,100,0.1
683,2024-01-08,15,176,1,5,75,0.0
684,2024-07-19,5,116,25,4,75,0.05
685,2023-09-16,12,204,22,7,75,0.25
686,2024-10-17,5,31,16,14,150,0.0
687,2024-04-15,17,113,9,11,75,0.15
688,2023-01-12,17,67,19,5,200,0.15
689,2023-11-26,12,75,12,6,50,0.05
690,2023-12-24,15,45,19,10,150,0.05
691,2024-02-12,15,260,22,4,75,0.25
692,2024-10-29,6,154,9,13,50,0.25
693,2024-01-08,12,155,7,12,100,0.05
694,2023-01-08,20,234,14,2,75,0.05
695,2023-05-02,18,51,19,13,50,0.15
696,2023-12-14,14,262,19,10,200,0.05
697,2024-11-06,2,125,2,9,100,0.1
698,2023-03-31,9,245,9,10,200,0.0
699,2024-10-09,5,30,13,7,50,0.05
700,2024-11-28,20,122,15,4,200,0.25
701,2023-11-12,1,125,3,3,50,0.1
702,2023-06-27,3,37,11,10,50,0.25
703,2024-06-23,6,170,21,14,200,0.1
704,2023-02-10,5,124,14,3,50,0.05
705,2024-12-04,5,35,25,9,75,0.0
706,2024-05-16,1,87,8,5,50,0.25
707,2023-05-25,17,134,18,13,150,0.1
708,2023-07-20,19,196,19,3,50,0.15
709,2024-12-24,14,274,16,5,150,0.05
710,2024-04-05,12,201,2,2,50,0.0
711,2024-07-11,10,285,8,11,50,0.05
712,2024-06-30,20,77,22,4,200,0.15
713,2023-09-10,18,59,6,10,75,0.0
714,2024-01-25,11,126,12,2,75,0.15
715,2024-08-16,2,109,15,2,100,0.05
716,2023-09-13,18,224,25,12,200,0.1
717,2024-12-09,7,278,8,8,200,0.05
718,2024-03-25,15,68,4,1,75,0.05
719,2023-01-10,11,69,15,14,200,0.05
720,2023-08-30,18,165,20,7,75,0.25
721,2023-09-08,12,162,25,5,200,0.15
722,2023-01-05,6,42,17,11,50,0.15
723,2023-04-29,20,109,13,8,75,0.15
724,2024-01-09,13,51,18,1,75,0.25
725,2023-03-06,20,250,2,11,150,0.1
726,2023-05-26,16,21,13,7,200,0.05
727,2023-08-12,18,300,13,5,200,0.1
728,2023-08-27,10,139,22,4,75,0.25
729,2023-06-26,8,92,15,7,50,0.15
730,2023-10-09,18,280,20,10,50,0.05
731,2023-03-04,1,125,10,2,50,0.0
732,2023-08-05,8,111,3,12,200,0.0
733,2024-11-19,6,139,19,1,150,0.1
734,2024-04-05,5,273,3,1,75,0.15
735,2024-09-01,15,99,22,11,100,0.0
736,2023-04-15,15,252,14,12,150,0.1
737,2023-04-09,2,104,8,1,100,0.25
738,2024-05-25,1,214,23,12,150,0.1
739,2024-01-20,11,249,4,5,50,0.1
740,2024-02-09,10,152,20,10,200,0.1
741,2024-06-01,18,250,11,7,100,0.05
742,2024-04-20,18,275,11,2,150,0.1
743,2024-12-09,17,165,11,10,200,0.1
744,2024-10-06,8,8,2,8,100,0.05
745,2024-03-12,15,284,17,4,75,0.05
746,2023-01-23,8,5,9,12,150,0.25
747,2024-07-18,17,145,2,3,75,0.15
748,2024-11-07,12,101,24,10,50,0.0
749,2024-12-14,8,164,15,11,75,0.0
750,2024-04-02,14,147,16,8,75,0.1
751,2023-03-24,4,64,25,2,150,0.25
752,2023-05-25,1,91,4,11,50,0.1
753,2023-03-26,1,117,8,11,75,0.0
754,2023-03-19,19,267,9,13,200,0.05
755,2024-04-01,16,173,5,3,100,0.15
756,2023-01-01,14,47,16,12,75,0.25
757,2023-02-20,16,140,13,3,50,0.05
758,2024-11-15,5,246,7,10,75,0.15
759,2024-12-17,9,149,20,11,100,0.25
760,2024-03-21,2,246,17,1,50,0.25
761,2024-03-24,18,5,3,6,150,0.0
762,2024-05-02,6,184,5,2,50,0.05
763,2023-02-03,9,20,19,1,150,0.25
764,2023-12-14,1,46,12,2,50,0.25
765,2023-04-05,9,12,7,12,100,0.15
766,2023-03-13,16,70,9,6,100,0.0
767,2024-07-04,13,17,6,14,50,0.1
768,2023-06-03,9,147,17,4,75,0.0
769,2023-09-07,13,154,16,6,100,0.1
770,2024-11-04,9,108,23,12,150,0.05
771,2024-03-13,11,236,3,9,150,0.05
772,2023-04-28,4,70,21,13,200,0.25
773,2023-11-02,2,183,4,10,150,0.05
774,2023-09-25,6,250,10,12,200,0.25
775,2023-02-23,14,228,5,10,50,0.0
776,2023-08-24,4,102,21,8,50,0.05
777,2024-01-24,6,75,22,1,50,0.0
778,2024-02-05,19,216,10,13,75,0.0
779,2024-09-15,6,203,12,8,75,0.05
780,2023-10-30,2,192,10,9,200,0.0
781,2023-07-26,18,249,13,6,150,0.05
782,2023-08-17,13,242,11,10,150,0.05
783,2024-07-31,9,179,22,5,50,0.05
784,2023-03-16,19,219,16,6,100,0.1
785,2024-03-10,13,82,8,13,75,0.0
786,2023-04-13,11,92,8,6,75,0.15
787,2024-02-26,1,175,25,9,50,0.05
788,2024-12-04,7,239,8,4,75,0.0
789,2023-11-02,15,260,13,2,50,0.25
790,2023-04-08,1,163,2,11,200,0.05
791,2023-12-01,12,48,12,11,150,0.05
792,2024-03-10,7,116,10,9,100,0.15
793,2024-03-22,15,225,12,2,150,0.1
794,2023-11-04,19,147,11,10,150,0.1
795,2023-09-06,1,63,15,9,200,0.05
796,2023-06-15,17,294,16,2,75,0.0
797,2024-04-25,17,13,17,12,100,0.25
798,2023-12-01,3,189,2,8,75,0.25
799,2024-06-25,12,287,18,9,150,0.0
800,2023-04-16,6,208,12,12,50,0.05
801,2024-07-16,11,114,19,10,150,0.25
802,2023-03-22,3,22,23,9,75,0.1
803,2023-05-13,8,214,18,10,150,0.0
804,2023-05-18,14,171,17,9,50,0.15
805,2023-07-03,14,54,6,2,200,0.05
806,2024-02-05,10,298,25,4,75,0.0
807,2023-11-26,2,126,15,7,150,0.25
808,2024-05-22,14,277,3,12,75,0.05
809,2023-03-10,9,204,6,2,200,0.1
810,2024-06-29,3,194,3,1,150,0.05
811,2023-02-22,8,169,1,3,150,0.05
812,2024-03-25,16,152,13,12,75,0.1
813,2023-07-24,2,35,21,4,75,0.1
814,2023-05-06,6,184,14,8,50,0.05
815,2023-02-12,12,286,13,6,200,0.1
816,2023-04-21,5,57,4,11,50,0.0
817,2024-10-24,2,222,7,2,150,0.1
818,2023-07-02,16,163,22,9,75,0.1
819,2023-04-05,5,19,10,14,150,0.05
820,2024-01-09,15,264,7,2,150,0.0
821,2024-06-03,12,282,21,13,100,0.15
822,2023-12-26,4,113,15,12,100,0.15
823,2024-11-26,15,30,15,5,150,0.25
824,2023-10-08,11,135,4,12,75,0.1
825,2023-07-14,16,67,23,4,150,0.1
826,2023-07-14,6,65,23,13,100,0.0
827,2024-10-28,14,292,6,7,75,0.15
828,2023-04-03,18,25,24,8,150,0.25
829,2024-11-02,12,37,20,5,200,0.0
830,2023-03-02,11,1,5,10,200,0.1
831,2024-09-25,13,37,20,14,150,0.15
832,2023-02-20,11,141,12,14,75,0.25
833,2024-02-07,16,232,1,5,150,0.05
834,2023-01-05,15,136,8,2,150,0.15
835,2024-04-10,15,188,1,8,100,0.25
836,2024-08-26,4,128,5,14,200,0.0
837,2024-11-12,11,201,22,2,100,0.05
838,2024-06-17,19,127,6,10,100,0.25
839,2024-02-09,15,257,21,12,150,0.25
840,2024-05-27,4,164,3,6,100,0.1
841,2024-10-06,13,35,15,8,200,0.15
842,2023-08-21,19,194,5,6,100,0.1
843,2024-06-07,2,191,24,4,200,0.05
844,2023-12-12,14,104,14,13,100,0.25
845,2023-02-15,4,23,18,4,200,0.1
846,2024-06-29,16,265,16,6,100,0.15
847,2023-03-19,20,290,6,14,100,0.05
848,2024-12-30,14,260,25,13,75,0.0
849,2023-03-14,15,75,24,4,200,0.1
850,2023-09-06,3,72,14,8,200,0.05
851,2023-02-16,8,259,24,9,200,0.0
852,2023-05-01,16,188,8,1,50,0.1
853,2023-08-02,10,173,7,13,100,0.05
854,2023-08-27,4,290,8,4,200,0.05
855,2023-02-25,18,45,13,4,50,0.1
856,2023-12-16,2,61,6,2,75,0.05
857,2023-04-17,17,83,18,6,200,0.25
858,2023-02-17,13,123,2,3,200,0.1
859,2024-07-26,4,16,8,7,50,0.05
860,2023-12-03,11,66,11,13,100,0.0
861,2023-01-26,7,145,1,11,75,0.0
862,2023-09-14,12,162,22,11,200,0.25
863,2023-01-08,10,234,6,5,100,0.1
864,2024-09-16,7,144,16,4,75,0.05
865,2023-09-10,13,188,20,5,150,0.05
866,2024-11-22,7,13,12,8,150,0.0
867,2024-12-19,17,184,11,3,75,0.25
868,2023-10-30,10,111,10,14,50,0.0
869,2024-09-30,10,290,3,7,75,0.0
870,2023-02-25,4,295,13,14,75,0.25
871,2024-12-26,20,215,3,6,50,0.1
872,2024-06-09,4,120,15,12,50,0.05
873,2024-04-18,7,55,16,1,100,0.1
874,2023-01-28,1,27,13,13,100,0.15
875,2023-03-19,12,118,17,7,50,0.15
876,2023-08-04,13,221,3,14,150,0.15
877,2024-01-21,10,231,20,13,150,0.25
878,2023-12-31,15,53,11,7,75,0.0
879,2024-10-27,13,295,21,14,200,0.1
880,2024-06-09,9,233,19,12,75,0.05
881,2024-11-29,9,158,22,1,75,0.15
882,2023-11-08,15,269,11,9,200,0.1
883,2023-01-07,10,21,16,6,50,0.15
884,2023-01-03,10,53,21,12,150,0.15
885,2024-09-14,8,275,3,2,75,0.05
886,2023-12-29,16,281,22,5,200,0.25
887,2024-05-22,17,214,6,13,100,0.0
888,2023-10-01,5,31,14,11,75,0.25
889,2024-05-20,4,183,24,4,150,0.1
890,2023-01-15,18,23,18,7,50,0.25
891,2023-07-11,19,32,17,8,75,0.1
892,2024-09-22,4,74,4,11,75,0.1
893,2024-04-29,7,10,23,14,200,0.0
894,2023-01-28,10,54,15,11,100,0.05
895,2024-12-14,18,52,11,1,100,0.0
896,2023-02-08,19,148,3,5,50,0.25
897,2023-09-30,4,160,3,3,150,0.1
898,2023-08-19,10,14,16,1,50,0.15
899,2023-03-27,1,178,5,12,75,0.15
900,2024-04-18,18,53,21,3,75,0.1
901,2023-05-06,5,22,10,14,100,0.0
902,2024-06-20,15,30,19,6,150,0.05
903,2023-05-25,17,191,25,14,200,0.0
904,2024-06-08,3,260,4,7,150,0.1
905,2023-07-31,12,205,19,8,75,0.1
906,2023-01-25,2,59,11,13,200,0.05
907,2024-08-02,1,264,2,11,150,0.25
908,2024-01-29,17,12,10,4,150,0.25
909,2023-03-08,16,119,11,3,200,0.05
910,2023-08-21,5,290,25,5,75,0.25
911,2023-04-19,15,248,20,9,150,0.15
912,2023-05-26,3,127,16,13,200,0.25
913,2023-04-21,7,75,19,6,75,0.25
914,2023-08-16,11,204,23,9,200,0.25
915,2023-04-21,10,49,24,6,200,0.15
916,2024-04-14,9,79,11,2,150,0.25
917,2023-02-03,14,241,14,13,75,0.15
918,2024-09-14,13,154,2,5,150,0.05
919,2024-01-04,2,274,23,12,50,0.0
920,2024-08-17,3,96,5,11,50,0.05
921,2024-07-07,7,214,5,9,75,0.0
922,2024-02-29,18,294,19,8,200,0.05
923,2024-09-04,3,209,21,7,150,0.0
924,2024-06-01,10,88,12,1,150,0.0
925,2024-11-22,7,264,18,4,75,0.1
926,2023-10-09,9,157,4,12,75,0.0
927,2023-11-16,17,156,22,7,50,0.0
928,2024-03-18,11,139,17,11,100,0.1
929,2023-11-11,7,121,10,7,75,0.25
930,2024-01-12,14,65,20,6,100,0.25
931,2023-10-16,19,107,6,8,75,0.1
932,2024-03-12,4,147,25,11,200,0.15
933,2024-10-23,6,137,14,13,200,0.0
934,2023-10-04,10,162,11,6,50,0.0
935,2024-12-10,7,100,11,10,50,0.1
936,2024-08-04,13,141,18,3,100,0.1
937,2024-05-17,14,83,23,4,75,0.15
938,2024-09-15,4,177,22,14,150,0.25
939,2024-05-30,8,198,18,3,50,0.05
940,2023-12-16,5,112,24,1,150,0.25
941,2024-03-21,1,56,23,10,150,0.0
942,2023-12-16,4,179,11,5,75,0.1
943,2024-08-29,3,186,21,1,100,0.15
944,2024-10-25,9,218,12,1,75,0.25
945,2023-05-17,8,217,5,2,50,0.15
946,2023-08-31,1,120,23,13,150,0.25
947,2024-06-26,6,175,9,4,75,0.0
948,2023-02-09,9,23,25,6,75,0.05
949,2023-08-17,7,213,9,8,75,0.15
950,2024-07-01,4,235,22,13,50,0.15
951,2023-08-11,13,13,10,3,100,0.05
952,2023-01-06,17,101,22,1,75,0.15
953,2023-11-18,2,24,19,3,50,0.15
954,2024-04-12,5,11,1,12,150,0.25
955,2023-03-16,12,273,7,3,200,0.25
956,2023-01-04,8,281,4,5,50,0.05
957,2024-10-07,6,94,1,11,200,0.0
958,2023-04-28,8,201,15,12,75,0.15
959,2024-08-28,18,21,8,12,75,0.0
960,2024-05-18,3,211,12,4,50,0.05
961,2024-07-27,12,140,22,13,200,0.05
962,2024-03-16,3,293,22,4,75,0.25
963,2023-07-13,6,298,18,9,150,0.15
964,2024-12-15,2,101,15,7,100,0.1
965,2024-01-27,12,28,17,4,100,0.05
966,2023-01-26,2,41,14,3,75,0.15
967,2024-03-10,6,146,14,6,200,0.0
968,2023-06-22,17,256,18,3,75,0.25
969,2023-10-27,3,227,20,6,200,0.0
970,2024-10-06,2,236,18,11,150,0.05
971,2023-11-22,20,13,16,13,200,0.05
972,2024-02-14,8,210,1,11,75,0.0
973,2023-04-28,12,229,23,13,150,0.05
974,2024-12-24,4,100,11,13,50,0.15
975,2023-08-13,5,31,15,12,100,0.05
976,2024-06-15,13,16,12,9,75,0.25
977,2023-04-23,15,137,8,6,75,0.15
978,2023-05-20,16,166,22,12,75,0.1
979,2024-07-12,10,100,20,4,150,0.05
980,2023-01-01,16,109,6,5,50,0.05
981,2023-03-31,12,173,3,13,200,0.25
982,2024-10-15,17,237,24,6,50,0.25
983,2023-11-16,16,162,13,11,150,0.0
984,2024-07-03,12,216,13,3,75,0.0
985,2023-05-19,8,264,2,8,100,0.0
986,2024-05-25,20,263,5,4,75,0.25
987,2023-09-16,3,292,17,8,200,0.0
988,2024-11-03,16,274,6,10,100,0.0
989,2024-11-20,13,3,2,10,75,0.1
990,2023-01-10,19,28,4,3,100,0.0
991,2023-09-18,8,149,22,10,50,0.05
992,2024-10-11,5,28,11,7,150,0.25
993,2023-06-21,20,65,8,11,75,0.15
994,2023-01-13,8,21,12,13,200,0.1
995,2023-06-17,12,252,8,12,50,0.25
996,2024-10-03,1,235,11,9,75,0.25
997,2024-08-18,20,227,22,4,50,0.05
998,2023-11-17,6,13,20,8,200,0.0
999,2023-11-15,18,49,8,3,75,0.05
1000,2024-09-04,8,118,8,7,200,0.0
1001,2023-11-25,7,54,17,3,100,0.0
1002,2024-07-03,1,138,20,12,200,0.25
1003,2024-02-23,16,53,20,7,100,0.0
1004,2024-08-28,12,44,23,14,75,0.1
1005,2023-04-05,6,53,16,11,100,0.1
1006,2024-08-03,20,74,14,10,75,0.1
1007,2023-11-14,2,46,11,10,75,0.25
1008,2023-08-24,14,13,7,11,150,0.05
1009,2023-11-30,4,165,16,11,75,0.15
1010,2024-01-11,1,102,13,6,100,0.0
1011,2024-04-03,18,280,15,2,150,0.15
1012,2023-05-17,13,258,24,11,150,0.05
1013,2024-08-10,2,138,16,3,75,0.05
1014,2024-06-30,9,163,21,6,200,0.25
1015,2024-05-27,2,111,23,14,200,0.1
1016,2023-10-23,9,102,24,4,150,0.1
1017,2023-11-16,1,17,9,6,75,0.05
1018,2024-07-25,11,268,3,1,200,0.25
1019,2023-12-15,3,182,19,10,75,0.25
1020,2023-08-17,20,24,20,12,75,0.0
1021,2023-09-27,4,29,5,1,150,0.1
1022,2023-10-18,18,171,10,3,150,0.05
1023,2024-12-25,6,228,17,8,50,0.15
1024,2023-06-14,3,188,15,8,200,0.1
1025,2023-01-05,11,230,23,11,200,0.0
1026,2024-01-14,15,119,25,4,200,0.25
1027,2023-03-19,5,156,8,6,100,0.05
1028,2024-02-14,20,272,15,8,75,0.1
1029,2024-07-27,10,175,21,7,150,0.15
1030,2023-05-12,12,104,14,11,200,0.0
1031,2024-08-23,15,92,20,7,50,0.0
1032,2023-02-11,17,186,7,13,200,0.1
1033,2023-03-30,10,283,21,4,75,0.15
1034,2024-02-06,6,181,23,9,75,0.0
1035,2023-10-23,18,170,12,12,150,0.05
1036,2023-10-22,13,187,17,10,100,0.0
1037,2024-09-07,3,175,17,6,150,0.15
1038,2024-06-09,10,222,10,14,200,0.25
1039,2024-11-21,14,233,19,12,50,0.25
1040,2024-09-28,6,162,14,11,150,0.1
1041,2024-02-26,3,134,11,3,100,0.15
1042,2023-01-23,16,224,2,5,150,0.0
1043,2024-07-28,7,153,18,5,75,0.0
1044,2023-05-23,20,33,7,14,200,0.25
1045,2024-10-26,14,55,12,5,200,0.25
1046,2023-05-25,9,7,2,8,200,0.05
1047,2023-08-13,15,244,20,9,200,0.25
1048,2024-05-17,3,126,18,13,200,0.05
1049,2024-09-07,2,12,6,9,200,0.0
1050,2023-04-14,2,16,24,13,50,0.05
1051,2023-02-08,3,208,10,6,100,0.05
1052,2023-07-17,18,43,20,6,200,0.1
1053,2024-10-07,14,135,15,9,100,0.25
1054,2024-08-01,20,228,5,4,200,0.05
1055,2024-01-26,18,111,20,6,150,0.0
1056,2023-06-28,10,160,3,4,200,0.15
1057,2024-07-07,2,264,5,11,75,0.05
1058,2024-03-23,1,225,25,1,50,0.25
1059,2024-05-14,4,217,8,7,150,0.1
1060,2023-01-15,14,45,8,14,150,0.0
1061,2024-09-14,1,214,8,10,75,0.1
1062,2024-10-30,14,59,12,11,200,0.15
1063,2023-10-16,16,132,24,12,50,0.05
1064,2024-04-22,14,104,23,6,150,0.05
1065,2023-08-19,20,195,8,9,50,0.25
1066,2024-02-24,3,157,11,7,150,0.05
1067,2023-06-06,3,98,14,13,200,0.0
1068,2024-07-03,9,226,8,7,150,0.15
1069,2024-03-16,6,205,24,2,150,0.1
1070,2023-04-07,13,79,10,12,100,0.15
1071,2024-02-15,2,124,7,11,200,0.05
1072,2023-10-16,8,218,17,9,75,0.1
1073,2023-09-11,2,4,4,10,75,0.25
1074,2023-07-15,4,90,13,9,200,0.15
1075,2024-08-20,15,104,4,6,75,0.1
1076,2024-06-05,4,119,5,13,200,0.1
1077,2024-05-31,13,133,22,3,75,0.1
1078,2024-09-26,12,96,4,1,100,0.0
1079,2023-04-28,13,143,18,4,75,0.15
1080,2023-06-08,14,288,6,14,150,0.1
1081,2023-08-16,20,28,24,14,200,0.15
1082,2023-08-04,18,278,24,3,50,0.1
1083,2024-11-26,6,233,23,14,50,0.25
1084,2023-01-15,11,17,22,12,200,0.25
1085,2023-06-06,2,59,2,1,100,0.25
1086,2024-10-09,19,90,23,3,75,0.05
1087,2023-09-18,19,199,11,14,100,0.1
1088,2023-06-06,5,26,14,14,50,0.05
1089,2023-02-16,19,25,5,4,200,0.15
1090,2023-11-20,2,267,6,13,200,0.05
1091,2024-11-15,10,181,10,13,100,0.15
1092,2023-05-10,2,68,8,14,100,0.15
1093,2024-02-15,11,49,14,8,75,0.15
1094,2023-04-05,18,175,24,9,150,0.05
1095,2024-09-18,15,52,3,3,150,0.1
1096,2023-10-19,9,102,12,6,75,0.05
1097,2023-10-10,19,216,16,10,150,0.1
1098,2023-03-10,9,188,23,11,50,0.1
1099,2024-10-21,3,57,17,5,150,0.15
1100,2023-01-11,9,47,1,6,75,0.05
1101,2023-09-11,14,159,23,4,150,0.1
1102,2024-07-03,19,174,10,10,200,0.25
1103,2023-05-14,7,242,25,6,100,0.1
1104,2024-12-12,16,282,23,7,50,0.25
1105,2023-01-23,16,241,10,9,200,0.05
1106,2023-12-12,1,5,21,10,200,0.05
1107,2023-10-29,4,84,24,7,75,0.05
1108,2023-12-29,4,248,2,6,100,0.1
1109,2024-01-31,7,54,9,1,100,0.0
1110,2023-08-06,8,161,22,2,50,0.1
1111,2023-05-21,17,226,13,1,75,0.1
1112,2024-09-07,5,15,25,9,50,0.15
1113,2023-07-29,7,224,16,10,150,0.15
1114,2024-09-14,20,61,18,10,200,0.1
1115,2024-09-07,20,122,19,9,50,0.25
1116,2024-11-13,4,277,12,7,200,0.15
1117,2024-04-04,6,46,8,13,75,0.1
1118,2023-12-22,7,294,17,2,150,0.0
1119,2023-11-20,18,62,15,6,75,0.25
1120,2023-05-13,5,86,10,11,150,0.05
1121,2023-05-07,20,210,15,4,150,0.1
1122,2023-04-16,3,78,15,1,200,0.1
1123,2024-08-26,7,202,23,1,75,0.25
1124,2024-01-13,14,223,7,12,75,0.15
1125,2023-02-20,7,222,13,5,50,0.15
1126,2023-01-29,5,3,17,12,75,0.15
1127,2024-04-06,5,6,9,2,50,0.05
1128,2023-10-23,2,93,8,4,100,0.25
1129,2023-10-24,6,8,20,1,100,0.25
1130,2024-12-26,15,235,21,4,100,0.15
1131,2024-02-11,10,108,18,11,75,0.15
1132,2024-09-04,7,161,13,6,75,0.0
1133,2024-02-09,5,209,16,10,50,0.0
1134,2023-12-12,1,240,9,4,150,0.1
1135,2024-09-13,13,50,12,1,50,0.1
1136,2024-02-24,18,11,12,7,100,0.25
1137,2023-07-01,13,156,6,14,50,0.25
1138,2023-01-01,18,70,19,2,150,0.05
1139,2024-07-20,5,169,7,9,75,0.05
1140,2024-01-06,13,272,25,13,50,0.0
1141,2024-10-22,4,68,3,3,100,0.1
1142,2024-03-06,17,252,16,8,100,0.0
1143,2023-11-05,3,48,18,13,75,0.0
1144,2023-05-17,17,184,16,8,50,0.1
1145,2023-07-21,11,187,23,3,150,0.05
1146,2024-03-11,20,90,7,4,75,0.1
1147,2023-11-09,4,139,4,2,50,0.15
1148,2023-04-27,2,89,25,4,200,0.15
1149,2024-10-27,20,274,8,11,100,0.15
1150,2024-07-28,16,19,13,11,150,0.25
1151,2023-09-01,18,154,13,11,150,0.05
1152,2024-06-20,8,260,17,14,150,0.05
1153,2024-08-24,3,108,17,9,100,0.25
1154,2023-03-16,9,285,5,2,50,0.0
1155,2024-01-21,20,59,6,12,75,0.15
1156,2023-07-29,6,125,19,12,50,0.15
1157,2024-04-19,10,273,13,13,75,0.0
1158,2024-02-22,10,107,25,3,150,0.1
1159,2023-12-13,13,299,14,11,50,0.1
1160,2024-06-12,17,245,22,11,150,0.05
1161,2024-10-01,9,247,4,4,200,0.25
1162,2023-06-28,17,8,7,5,150,0.05
1163,2023-07-01,9,141,8,1,150,0.1
1164,2024-10-25,9,8,25,7,75,0.0
1165,2023-01-25,1,94,13,14,200,0.05
1166,2023-06-29,2,39,6,10,150,0.15
1167,2024-12-10,16,81,6,7,150,0.15
1168,2024-05-15,1,187,24,9,200,0.0
1169,2023-06-10,10,84,21,4,200,0.1
1170,2023-06-26,18,88,3,14,50,0.15
1171,2023-10-12,8,242,3,14,75,0.15
1172,2023-03-04,11,93,13,6,200,0.25
1173,2024-10-23,2,86,22,11,200,0.05
1174,2024-10-27,8,44,2,2,100,0.1
1175,2023-06-05,8,137,16,12,200,0.05
1176,2024-04-13,17,74,22,12,75,0.1
1177,2023-02-18,15,36,6,14,150,0.15
1178,2023-03-25,17,101,8,4,150,0.25
1179,2023-12-27,13,156,23,2,150,0.05
1180,2024-11-19,19,255,8,10,150,0.15
1181,2023-05-28,5,171,25,5,100,0.1
1182,2024-09-21,12,216,6,7,200,0.05
1183,2023-12-08,1,170,14,13,150,0.05
1184,2024-04-20,5,252,3,1,50,0.15
1185,2023-03-04,8,55,10,10,150,0.05
1186,2024-12-01,13,91,3,10,200,0.25
1187,2023-12-26,8,278,12,7,150,0.25
1188,2024-07-14,11,101,17,10,100,0.15
1189,2023-11-23,1,155,5,13,75,0.1
1190,2023-05-21,13,141,20,6,75,0.15
1191,2023-08-03,19,173,25,6,200,0.25
1192,2024-03-10,3,10,9,12,75,0.0
1193,2024-12-23,17,228,21,8,75,0.0
1194,2023-11-14,5,265,20,8,50,0.05
1195,2023-02-01,20,248,7,6,200,0.05
1196,2024-10-31,8,247,22,3,200,0.0
1197,2023-10-12,14,155,4,5,75,0.25
1198,2023-11-01,4,34,13,2,75,0.05
1199,2024-03-04,11,129,13,14,75,0.15
1200,2024-04-21,20,160,10,5,100,0.15
